<?xml version="1.0" encoding="UTF-8" standalone="yes"?>
<addon id="repository.romytv" name="romytvplace" version="1.0" provider-name="RomyCupidon">.
    <extension point="xbmc.addon.repository" name="RomyTV Repository">
        <dir>
            <info compressed="false">https://raw.githubusercontent.com/romycupidon/repository.romytv/master/repo/zips/addons.xml</info>
            <checksum>https://raw.githubusercontent.com/romycupidon/repository.romytv/master/repo/zips/addons.xml.md5</checksum>
            <datadir zip="true">https://raw.githubusercontent.com/romycupidon/repository.romytv/master/repo/zips/</datadir>
        </dir>
    </extension>
    <extension point="xbmc.addon.metadata">
        <summary>repository.romytv</summary>
        <description>Am zis sa fie!  :))</description>
        <disclaimer></disclaimer>
        <platform>all</platform>
        <assets>
            <icon>icon.png</icon>
            <fanart>fanart.jpg</fanart>
        </assets>
    </extension>
</addon>